freq,unit,expend,geo\TIME_PERIOD	1992 	1993 	1994 	1995 	1996 	1997 	1998 	1999 	2000 	2001 	2002 	2003 	2004 	2005 	2006 	2007 	2008 	2009 	2010 	2011 	2012 	2013 	2014 	2015 	2016 	2017 	2018 	2019 	2020 	2021 	2022 
A,MIO_EUR,INF,AL	: 	: 	: 	: 	: 	: 	: 	: 	: 	: 	: 	: 	: 	: 	: 	: 	: 	: 	: 	: 	: 	242.957 	207.956 	187.571 	102.129 	172.669 	182.652 	188.889 	202.354 	298.459 	228.981 
A,MIO_EUR,INF,AT	: 	: 	: 	: 	: 	: 	: 	: 	: 	: 	: 	: 	: 	: 	502297 	486 	863 	677 	723 	742 	718 	670 	2056 	: 	: 	: 	: 	: 	1339 	: 	: 
A,MIO_EUR,INF,BG	: 	: 	: 	: 	: 	: 	: 	: 	: 	: 	: 	: 	: 	: 	: 	: 	199 	132 	103 	85 	83 d	278.812 	355.967 	492.842 	488.393 	412.875 	462.471 	449.432 	349.473 	454.494 	: 
A,MIO_EUR,INF,CH	: 	: 	: 	: 	: 	: 	5731 	6257 	6223 	6247 p	: 	: 	: 	: 	: 	: 	: 	: 	8305 	8321 	8441 	6819.105 	6784.950 	7806.911 	7482.113 	7401.277 	7129.870 	7705.861 	8314.806 	: 	: 
A,MIO_EUR,INF,CY	: 	444 	451 	471 	388 	459 	674 	65 	622 	642 	1172 	1684 	1674 	1916 	2426 	2577 	349 d	2918 d	2494 d	2692 d	2113 d	146.900 	180 	175.200 	180.700 	202.900 	182.300 	185.300 	210.100 	: 	: 
A,MIO_EUR,INF,CZ	: 	9223 	12534 	15803 	17813 	21067 	21597 	20089 	18197 	195519 	246026 	283354 	423633 	525727 	57691 	57830 	66219 	67824 	60436 	45809 	36387 	1160.970 	1191.095 	1570.109 	1616.516 	1705.519 	1915.959 	2365.485 	2524.778 	2955.733 	2903.932 
A,MIO_EUR,INF,DE	: 	: 	: 	: 	: 	: 	: 	: 	: 	: 	: 	: 	: 	: 	: 	: 	: 	: 	: 	: 	: 	7655 	6600 	6463 	7560 	8950 	10350 	10473 	10862 	11127 	11860 
A,MIO_EUR,INF,DK	5083 d	5697 	6136 	6643 	7386 	6768 	7082 d	7444 d	8239 d	8884 d	7944 d	: 	: 	: 	14112 	13028 	12286 	: 	: 	: 	: 	1967.042 	1897.435 	1894.164 	2019.288 	2183.207 	2235.416 	2048.191 	2254.300 	2112.949 	: 
A,MIO_EUR,INF,EE	: 	: 	: 	7271 	10462 	1076 	14616 	13119 	15306 	19344 	35605 	: 	: 	: 	: 	: 	: 	: 	: 	: 	: 	: 	: 	: 	: 	: 	: 	: 	: 	: 	: 
A,MIO_EUR,INF,ES	: 	: 	771524 d	693266 d	667234 d	661634 d	796421 d	720121 d	802710 d	924781 d	7032532 d	7360304 d	7244489 d	855925 d	839612 d	777013 d	85225 d	942162 d	78506 d	596614 d	536174 d	4651.107 	4358 	4393 	3880 	3690 	3512 	3444.962 	3712 	3780 	: 
A,MIO_EUR,INF,FI	5700 	5305 	5292 	4622 d	4015 d	4185 d	4246 d	677 d	691 d	675 d	770 d	775 d	789 	783 	747 	810 	894 	927 	886 	839 	826 	867 	812 	864 	984 	847 	955 	899 	1119 	: 	: 
A,MIO_EUR,INF,FR	: 	: 	: 	: 	: 	: 	: 	: 	: 	: 	: 	: 	: 	: 	: 	: 	: 	: 	: 	: 	: 	15770 	13567 	12609 	11647 	11449 	12255 	12740 	12002 	12754 	13184 
A,MIO_EUR,INF,HR	: 	: 	: 	746 	1505 	1840 	2341 	3489 	4744 	3265 	5832 	9507 	8400 	7346 	7541 	8982 	9172 	7729 	5177 	5042 	5003 	633.230 	536.912 	483.602 	431.816 	369.120 	478.822 	611.620 	680.781 	780.777 	731.264 
A,MIO_EUR,INF,HU	: 	: 	: 	: 	: 	: 	: 	: 	: 	: 	: 	: 	: 	: 	: 	: 	: 	: 	: 	: 	: 	650.948 	1236.257 	1248.635 	843.883 	1322.397 	1906.886 	2252.379 	1919.285 	1931.898 	1608.917 
A,MIO_EUR,INF,IE	32434 	39297 	35869 	: 	: 	498 	576 	749 	882 	959 	1136 	1223 	: 	: 	: 	: 	: 	: 	: 	: 	: 	: 	: 	: 	: 	: 	: 	: 	: 	: 	: 
A,MIO_EUR,INF,IS	: 	: 	: 	: 	: 	10544 	11264 	12331 	14080 	17624 	14153 	16795 	19210 p	16694 e	: 	: 	: 	: 	: 	: 	: 	: 	: 	: 	: 	523.071 	684.580 	596.154 	295.996 	236.603 	: 
A,MIO_EUR,INF,IT	23465 d	22086 d	: 	7910220 	8301290 	10019440 	12400300 	: 	: 	: 	: 	: 	: 	: 	: 	: 	: 	: 	: 	: 	10301 	11975 	13424 	14217 	12201 	12212 	13907 	11123 	11523 	: 	: 
A,MIO_EUR,INF,LT	: 	1198 	882 	98 	2634 	3278 	442 	517 	626 	514 	756 	911 	893 	1003 	11477 	17614 	25388 	12909 	1591 	14865 	16332 	1797.100 	460.300 	592.400 	698 	653.600 	565.200 	653.100 	846.900 	660.500 	776.400 
A,MIO_EUR,INF,LU	: 	: 	: 	: 	: 	: 	: 	: 	1918 	2168 	246 	2315 	1672 	1626 	2001 	1805 	1646 	: 	: 	: 	: 	: 	: 	: 	: 	: 	: 	: 	: 	: 	: 
A,MIO_EUR,INF,LV	: 	: 	: 	95 	20 	244 	39 	51 	31 	307 	286 	776 d	949 	1684 	21609 	31692 	3433 	18978 	1843 	2464 	240 	250.485 	341.780 	374 	365.210 	403.600 	421.920 	401.230 	457.300 	489.300 	458.800 
A,MIO_EUR,INF,MK	: 	: 	: 	309 	894 	295 	: 	: 	: 	2681 	3375 	: 	: 	1805 	1648 	3216 	3595 	3357 	: 	: 	: 	: 	: 	: 	228.637 	195.064 	156.963 	232.271 	164.487 	191.635 	192.461 p
A,MIO_EUR,INF,MT	: 	: 	: 	: 	: 	: 	: 	: 	: 	: 	: 	: 	: 	: 	357 	298 	2874 	266 	3056 	3766 	39127 	23.335 e	47.132 e	38.970 e	40.993 e	43.624 	67.872 	120.980 	126.020 	194.780 	138.860 
A,MIO_EUR,INF,NL	: 	: 	: 	: 	: 	: 	: 	: 	: 	: 	: 	: 	: 	: 	: 	: 	: 	: 	: 	: 	: 	: 	: 	: 	: 	: 	: 	: 	: 	: 	2549 
A,MIO_EUR,INF,PL	: 	: 	: 	: 	: 	: 	: 	: 	: 	: 	: 	: 	: 	: 	16654 	20016 	18207 	27788 	32429 	39351 	29972 	4894.818 	4835.695 	5514.448 	5070.132 	5668.546 	: 	: 	: 	: 	: 
A,MIO_EUR,INF,PT	: 	: 	: 	: 	: 	: 	: 	: 	: 	858699 d	732650 d	: 	: 	: 	: 	: 	: 	: 	: 	: 	: 	: 	: 	: 	: 	: 	: 	: 	: 	: 	: 
A,MIO_EUR,INF,RO	461 	1529 	3694 	544269 	: 	: 	: 	: 	: 	: 	: 	: 	: 	: 	: 	: 	: 	: 	: 	: 	: 	: 	: 	2870.225 	2367.005 	2133.580 	2181.564 	3080.164 	3920.840 	3927.217 p	: 
A,MIO_EUR,INF,SE	: 	: 	: 	: 	: 	: 	: 	: 	: 	: 	: 	: 	17235 d	15409 d	15395 d	16312 d	18082 d	19789 	24248 b	25170 	27608 	3056.349 	2881.794 	3045.384 	3215.791 	3456.114 	3585.877 	: 	3970.414 	4140.245 	4102.412 
A,MIO_EUR,INF,SI	: 	: 	: 	39589 	65657 	67016 	65950 	85194 	91518 	80072 	101379 	130100 	126736 	123139 	675 d	854 d	9168 d	74263 d	584396 d	422099 	3385 	: 	370.970 	399.440 	373.350 	413.200 	579.570 	: 	598.300 	: 	: 
A,MIO_EUR,INF,SK	: 	: 	: 	4113 	4832 	14124 	13828 	11373 	12518 	116563 	13153 	117112 	121941 	177638 	: 	: 	227483 	: 	5168 	5915 	5037 	564.100 	731.300 	1334.800 	966.400 	979.100 	1064.500 	915.100 	983.800 	1472.900 	837.500 
A,MIO_EUR,INF,TR	: 	: 	: 	10 	32 	97 	136 	205 	291 	456 	573 	781 	1252 	1693 	3842 	3976 	4847 	7200 	11539 	13686 	12489 	6854.549 	7203.165 	9284.746 	7558.400 	6369.218 	: 	: 	: 	: 	: 
A,MIO_EUR,INF,UK	: 	: 	: 	: 	: 	: 	: 	: 	: 	: 	: 	: 	: 	8428 	: 	: 	: 	: 	: 	: 	: 	: 	: 	: 	: 	: 	: 	: 	: 	: 	: 
A,MIO_EUR,INF,XK	: 	: 	: 	: 	: 	: 	: 	: 	: 	: 	: 	: 	: 	: 	: 	: 	: 	: 	: 	: 	: 	: 	: 	: 	: 	207.630 	235.206 	190.242 	: 	: 	: 
A,MIO_EUR,INF_INV,AL	: 	: 	: 	: 	: 	: 	: 	: 	: 	: 	: 	: 	: 	: 	: 	: 	: 	: 	: 	: 	: 	234.208 	192.693 	179.200 	89.125 	159.067 	169.211 	175.840 	193.291 	276.939 	201.981 
A,MIO_EUR,INF_INV,AT	: 	: 	: 	: 	: 	: 	: 	: 	: 	: 	: 	: 	: 	: 	: 	346 	: 	307 	298 	300 	296 	368 	1431 	: 	: 	: 	: 	: 	548 	: 	: 
A,MIO_EUR,INF_INV,BG	: 	: 	: 	: 	: 	: 	: 	: 	: 	: 	: 	: 	: 	: 	: 	: 	: 	: 	: 	: 	: 	275.079 	351.621 	484.303 	484.354 	410.267 	461.499 	447.796 	349.473 	454.494 	: 
A,MIO_EUR,INF_INV,CH	: 	: 	: 	: 	: 	: 	1869 	2091 	1992 	2046 p	: 	: 	: 	: 	: 	: 	: 	: 	3580 d	3604 d	3764 d	3730.810 	3647.291 	4224.178 	3968.079 	3930.017 	3816.450 	4301.510 	4699.673 	: 	: 
A,MIO_EUR,INF_INV,CY	: 	: 	: 	: 	: 	: 	: 	: 	: 	: 	84 	295 	275 	312 	432 	249 	54 	623 	568 	625 	577 	104.300 	97.600 	98.100 	103.900 	121.400 	124.600 	125.400 	136.800 	: 	: 
A,MIO_EUR,INF_INV,CZ	: 	4413 	4874 	6001 	7276 	7347 	7131 	7872 	7209 	9251 	86319 	84136 	94615 	104357 	15423 	16370 	15257 	15300 	16942 	14009 	14351 	647.691 	604.009 	885.553 	849.238 	984.232 	1044.617 	1383.054 	1640.937 	1817.629 	1942.929 
A,MIO_EUR,INF_INV,DE	: 	: 	: 	: 	: 	: 	: 	: 	: 	: 	: 	: 	: 	: 	: 	: 	: 	: 	: 	: 	: 	4210 	3564 	3619 	4309 	5370 	6210 	6284 	6409 	6443 	7128 
A,MIO_EUR,INF_INV,DK	3595 d	3934 	3918 	4065 	4380 	3778 	4174 	4325 	4439 	4913 	4982 	: 	: 	: 	5230 	5428 	5309 	: 	: 	: 	: 	1046.944 	1101.572 	1086.382 	1099.500 	1065.658 	1083.964 	874.888 	1133.455 	973.511 	: 
A,MIO_EUR,INF_INV,EE	: 	: 	: 	6668 	914 	9626 	: 	: 	: 	: 	: 	: 	: 	: 	: 	: 	: 	: 	: 	: 	: 	: 	: 	: 	: 	: 	: 	: 	: 	: 	: 
A,MIO_EUR,INF_INV,FI	3912 	3848 	3889 	3561 	3125 	3352 	3264 	527 d	534 d	543 d	634 d	627 d	587 	600 	612 	611 	673 	684 	628 	658 	574 	282 	226 	278 	633 b	484 	574 	530 	445 	: 	: 
A,MIO_EUR,INF_INV,FR	: 	: 	: 	: 	: 	: 	: 	: 	: 	: 	: 	: 	: 	: 	: 	: 	: 	: 	: 	: 	: 	12866 	10807 	10011 	9216 	9080 	9884 	10413 	9631 	10207 	10562 
A,MIO_EUR,INF_INV,HR	: 	: 	: 	149 	534 	520 	317 	912 	2418 	985 	1268 	1579 	1828 	1793 	1132 	1160 	1216 	1055 	1421 	1578 	1403 	424.221 	279.524 	238.386 	197.390 	196.551 	285.514 	354.813 	442.004 	537.033 	470.876 
A,MIO_EUR,INF_INV,HU	: 	: 	: 	: 	: 	: 	: 	: 	: 	: 	: 	: 	: 	: 	: 	: 	: 	: 	: 	: 	: 	377.487 	1033.186 	1027.732 	617.856 	1064.669 	1615.087 	1983.228 	1602.921 	1646.391 	1258.013 
A,MIO_EUR,INF_INV,IE	1055 	8607 	10861 	: 	: 	123 	130 	143 	102 	51 	52 	53 	: 	: 	: 	: 	: 	: 	: 	: 	: 	: 	: 	: 	: 	: 	: 	: 	: 	: 	: 
A,MIO_EUR,INF_INV,IS	: 	: 	: 	: 	: 	3307 	3595 	3757 	4152 	4188 	4401 	4251 	2562 e	2625 e	: 	: 	: 	: 	: 	: 	: 	: 	: 	: 	: 	: 	: 	: 	: 	156.350 	: 
A,MIO_EUR,INF_INV,IT	: 	: 	: 	: 	: 	: 	: 	: 	: 	: 	: 	: 	: 	: 	: 	: 	: 	: 	: 	: 	7195 	2841 	3860 	5150 	3755 	3409 	6555 	4310 	4393 	: 	: 
A,MIO_EUR,INF_INV,LT	: 	: 	: 	60 	1264 	165 	1811 	1928 	225 	265 	370 	421 	421 	432 	3759 	4186 	4872 	358 	3583 	403 	3804 	1376.900 	330.300 	435.800 	541.800 	497.700 	367.200 	466.200 	643.800 	501.800 	553.700 
A,MIO_EUR,INF_INV,LU	: 	: 	: 	: 	: 	: 	: 	: 	258 	309 	331 	431 	32 	349 	242 	231 	268 	: 	: 	: 	: 	: 	: 	: 	: 	: 	: 	: 	: 	: 	: 
A,MIO_EUR,INF_INV,LV	: 	: 	: 	74 	169 	236 	39 	47 	245 	218 	221 	407 d	557 	563 	9046 	14787 	15751 	9439 	85 	886 	925 	150.569 	187.790 	202.800 	189.840 	226.260 	221.360 	222.570 	198.400 	201.400 	196.200 
A,MIO_EUR,INF_INV,ME	: 	: 	: 	: 	: 	: 	: 	: 	: 	: 	: 	: 	: 	: 	: 	: 	: 	: 	: 	: 	: 	: 	: 	: 	15.930 	34 	41 	41 	: 	: 	: 
A,MIO_EUR,INF_INV,MK	: 	: 	: 	155 	154 	131 	: 	: 	: 	926 	1113 	: 	: 	387 	225 	831 	828 	749 	: 	: 	: 	: 	: 	: 	228.637 	195.064 	156.963 	232.271 	164.487 	191.635 	192.461 p
A,MIO_EUR,INF_INV,MT	: 	: 	: 	: 	: 	: 	: 	: 	: 	: 	: 	: 	: 	: 	149 	174 	167 	212 	1726 	1986 	13451 	10.645 e	28.788 e	32.031 e	26.153 e	27.778 	65.083 	113.020 	118.530 	175.620 	121.490 
A,MIO_EUR,INF_INV,NL	: 	: 	: 	: 	: 	: 	: 	: 	: 	: 	: 	: 	: 	: 	: 	: 	: 	: 	: 	: 	: 	: 	: 	: 	: 	: 	: 	: 	: 	: 	1269 
A,MIO_EUR,INF_INV,PL	: 	: 	: 	: 	: 	: 	: 	: 	: 	: 	: 	: 	: 	: 	6506 	: 	624 	952 	1074 	1303 	: 	4894.818 	4835.695 	5514.448 	5070.132 	5668.546 	: 	: 	: 	: 	: 
A,MIO_EUR,INF_INV,PT	: 	: 	: 	: 	: 	: 	: 	: 	: 	76662 d	70688 d	: 	: 	: 	: 	: 	: 	: 	: 	: 	: 	: 	: 	: 	: 	: 	: 	: 	: 	: 	: 
A,MIO_EUR,INF_INV,RO	268 	94 	3037 	425782 	: 	: 	: 	: 	: 	: 	: 	: 	: 	: 	: 	: 	: 	: 	: 	: 	: 	: 	: 	: 	: 	: 	: 	: 	: 	: 	: 
A,MIO_EUR,INF_INV,SE	6294 	7964 	5310 	5718 	4752 	4712 	6557 	6180 	6310 	6988 	7373 	6898 	6920 	7310 	7490 	7736 	8256 	8355 	8342 	7732 	8348 	2012.830 	1864.483 	1861.656 	2085.987 	2374.859 	2496.612 	999.613 b	2942.545 	2910.068 	2893.712 
A,MIO_EUR,INF_INV,SI	: 	: 	: 	7602 	8424 	10332 	13148 	20542 	19388 	18893 	17048 	15123 	16693 	16872 	70 d	88 d	877 d	9817 d	121542 d	: 	10515 	: 	171.730 	187.540 	: 	: 	: 	: 	: 	: 	: 
A,MIO_EUR,INF_INV,SK	: 	: 	: 	1911 	1766 	2142 	1995 	2399 	2838 	2938 	29433 	29873 	25835 	3869 	: 	: 	50424 	: 	1747 	1596 	1926 	360.500 	550.100 	1133.800 	751.400 	749.600 	768.800 	638.100 	752.200 	1112.500 	530.900 
A,MIO_EUR,INF_INV,TR	: 	: 	: 	1 	3 	11 	18 	44 	57 	91 	73 	142 	126 	149 	284 	497 	589 	888 	719 	1575 	1387 	6224.590 	6645.106 	9045.778 	7328.388 	6139.883 	: 	: 	: 	: 	: 
A,MIO_EUR,INF_INV,XK	: 	: 	: 	: 	: 	: 	: 	: 	: 	: 	: 	: 	: 	: 	: 	: 	: 	: 	: 	: 	: 	: 	: 	: 	: 	9.211 	13.219 	19.857 	: 	: 	: 
A,MIO_EUR,INF_MNT,AL	: 	: 	: 	: 	: 	: 	: 	: 	: 	: 	: 	: 	: 	: 	: 	: 	: 	: 	: 	: 	: 	8.749 	15.263 	8.371 	13.004 	13.601 	13.441 	13.049 	9.063 	21.520 	27.000 
A,MIO_EUR,INF_MNT,AT	: 	: 	: 	: 	: 	: 	: 	: 	: 	: 	: 	: 	: 	268086 	502297 	140 	: 	370 	425 	442 	422 	302 	625 	: 	: 	: 	: 	: 	791 	: 	: 
A,MIO_EUR,INF_MNT,BG	: 	: 	: 	: 	: 	: 	: 	: 	: 	: 	: 	: 	: 	: 	: 	: 	8027 	3541 	360 	5144 	466 	3.732 	4.346 	8.539 	4.039 	2.608 	0.971 	1.636 	349.473 	454.494 	: 
A,MIO_EUR,INF_MNT,CH	: 	: 	: 	: 	: 	: 	3862 	4166 	4231 	4201 p	: 	: 	: 	: 	: 	: 	: 	: 	4725 	4717 	4677 	3088.295 	3137.658 	3582.732 	3514.034 	3471.260 	3313.420 	3404.351 	3615.133 	: 	: 
A,MIO_EUR,INF_MNT,CY	: 	: 	: 	: 	: 	: 	: 	: 	: 	: 	1088 	1389 	1399 	1604 	1998 	2098 	295 d	2295 d	1926 d	2067 d	1536 d	42.600 	82.400 	77.100 	76.800 	81.500 	57.700 	59.900 	73.300 	: 	: 
A,MIO_EUR,INF_MNT,CZ	: 	4810 	7660 	9802 	10537 	13720 	14466 	12217 	10988 	103009 	159707 	199218 	329018 	42137 	42268 	41461 	50962 	52524 	43494 	31799 	22036 	513.241 	587.122 	684.593 	767.278 	721.287 	871.342 	982.470 	883.840 	1138.105 	961.003 
A,MIO_EUR,INF_MNT,DE	: 	: 	: 	: 	: 	: 	: 	: 	: 	: 	: 	: 	: 	: 	: 	: 	: 	: 	: 	: 	: 	3445 	3036 	2844 	3251 	3580 	4140 	4189 	4453 	4684 	4732 
A,MIO_EUR,INF_MNT,DK	1488 d	1763 	2218 	2578 	3006 	2990 	2908 	3119 	3800 	3971 	2962 	: 	: 	: 	8882 	7600 	6976 	: 	: 	: 	: 	926.534 	812.497 	820.116 	932.279 	1129.379 	1166.076 	1173.303 	1138.419 	1139.438 	: 
A,MIO_EUR,INF_MNT,EE	: 	: 	: 	603 	1322 	1134 	14616 	13119 	15306 	19344 	35605 	: 	: 	: 	: 	: 	: 	: 	: 	: 	: 	: 	: 	: 	: 	: 	: 	: 	: 	: 	: 
A,MIO_EUR,INF_MNT,ES	: 	: 	: 	: 	: 	: 	: 	: 	: 	: 	: 	: 	: 	2068 d	2282 d	2482 d	: 	: 	: 	: 	: 	: 	: 	: 	: 	: 	: 	: 	: 	: 	: 
A,MIO_EUR,INF_MNT,FI	1788 	1457 	1403 	1061 	890 	833 	982 	151 d	157 d	132 d	136 d	148 d	201 	183 	135 	199 	221 	243 	258 	181 	252 	585 	586 	586 	351 b	363 	381 	369 	674 	: 	: 
A,MIO_EUR,INF_MNT,FR	: 	: 	: 	: 	: 	: 	: 	: 	: 	: 	: 	: 	: 	: 	: 	: 	: 	: 	: 	: 	: 	2904 	2760 	2598 	2431 	2369 	2371 	2327 	2371 	2547 	2622 
A,MIO_EUR,INF_MNT,HR	: 	367 	648 	597 	971 	1320 	2024 	2577 	2326 	2280 	4564 	7928 	6572 	5553 	6409 	7822 	7956 	6674 	3756 	3464 	3600 	209.010 	257.388 	245.085 	234.426 	172.435 	193.308 	256.808 	238.777 	243.744 	260.388 
A,MIO_EUR,INF_MNT,HU	17109 	24632 	39437 	21574 	22635 	41890 	67400 	58200 	60530 	128523 	169047 	: 	: 	: 	: 	: 	: 	: 	: 	: 	: 	273.461 	203.071 	220.913 	226.027 	257.728 	291.800 	269.152 	316.364 	285.507 	350.903 
A,MIO_EUR,INF_MNT,IE	21884 	3069 	25008 	: 	: 	375 	446 	606 	780 	908 	1084 	1169 	: 	: 	: 	: 	: 	: 	: 	: 	: 	: 	: 	: 	: 	: 	: 	: 	: 	: 	: 
A,MIO_EUR,INF_MNT,IS	: 	: 	: 	: 	: 	7237 	7669 	8574 	9928 	13436 	9752 	12544 	16648 p	14069 e	: 	: 	: 	: 	: 	: 	: 	: 	: 	: 	: 	: 	: 	: 	: 	80.253 	: 
A,MIO_EUR,INF_MNT,IT	: 	: 	: 	: 	: 	: 	: 	: 	: 	: 	: 	: 	: 	: 	: 	: 	: 	: 	: 	: 	3106 	9134 	9564 	9067 	8446 	8802 	7352 	6813 	7130 	: 	: 
A,MIO_EUR,INF_MNT,LT	: 	: 	: 	38 	137 	1628 	2611 	3239 	401 	249 	386 	490 	472 	571 	7718 	13428 	20515 	9328 	12327 	10836 	12528 	420.300 	130 	156.600 	156.200 	155.900 	198 	186.800 	203.100 	158.700 	222.700 
A,MIO_EUR,INF_MNT,LU	: 	: 	: 	: 	: 	: 	: 	: 	166 	1859 	2129 	1884 	1352 	1277 	1759 	1574 	1378 	: 	: 	: 	: 	: 	: 	: 	: 	: 	: 	: 	: 	: 	: 
A,MIO_EUR,INF_MNT,LV	: 	: 	: 	21 	31 	8 	1 	4 	65 	89 	65 	369 d	392 	1121 	12563 	16905 	18579 	9539 	993 	1578 	1475 	99.915 	153.990 	171.200 	175.370 	177.340 	200.560 	178.660 	258.900 	287.900 	262.600 
A,MIO_EUR,INF_MNT,ME	: 	: 	: 	: 	: 	: 	: 	: 	: 	: 	: 	: 	: 	: 	: 	: 	: 	: 	: 	: 	: 	: 	: 	: 	5.960 	19 	41 	41 	: 	: 	: 
A,MIO_EUR,INF_MNT,MK	: 	: 	: 	155 	740 	164 	: 	: 	: 	1755 	2262 	: 	: 	1418 	1423 	2385 	2767 	2608 	: 	: 	: 	: 	: 	: 	228.637 	195.064 	156.963 	232.271 	164.487 	191.635 	192.461 p
A,MIO_EUR,INF_MNT,MT	: 	: 	: 	: 	: 	: 	: 	: 	: 	: 	: 	: 	: 	: 	208 	125 	1204 	54 	133 	178 	25676 	12.691 e	18.344 e	6.940 e	14.840 e	15.846 	2.789 	7.950 	7.490 	19.150 	17.360 
A,MIO_EUR,INF_MNT,NL	: 	: 	: 	: 	: 	: 	: 	: 	: 	: 	: 	: 	: 	: 	: 	: 	: 	: 	: 	: 	: 	: 	: 	: 	: 	: 	: 	: 	: 	: 	1280 
A,MIO_EUR,INF_MNT,PL	474386 	717 	1094 	940 	13521 	1994 	2587 	3348 	40915 	37964 	47942 	47887 	5979 	8311 	10148 	: 	17583 	26836 	31355 	38048 	29972 	4894.818 	4835.695 	5514.448 	5070.132 	5668.546 	: 	: 	: 	: 	: 
A,MIO_EUR,INF_MNT,PT	: 	: 	: 	: 	: 	: 	: 	: 	: 	782037 d	661962 d	: 	: 	: 	: 	: 	: 	: 	: 	: 	: 	: 	: 	: 	: 	: 	: 	: 	: 	: 	: 
A,MIO_EUR,INF_MNT,RO	193 	589 	657 	118487 	: 	: 	: 	: 	: 	: 	: 	: 	: 	: 	: 	: 	: 	: 	: 	: 	: 	: 	: 	: 	: 	: 	: 	: 	: 	: 	: 
A,MIO_EUR,INF_MNT,SE	4044 	5963 	8411 	8950 	7329 	6509 	7417 	6398 	6212 	6737 	8551 	9900 	10315 	8099 	7905 	8576 	9826 	11434 	15906 b	17438 	19260 	1043.518 	1017.311 	1183.728 	1129.804 	1081.255 	1089.264 	999.613 b	1027.869 	1230.178 	1208.700 
A,MIO_EUR,INF_MNT,SI	: 	: 	: 	31987 	57233 	56684 	52802 	64652 	72130 	61180 	84330 	114977 	110043 	106266 	605 d	765 d	8291 d	64446 d	462854 d	: 	23334 	: 	199.240 	211.900 	: 	: 	: 	: 	: 	: 	: 
A,MIO_EUR,INF_MNT,SK	: 	: 	: 	2202 	3066 	11982 	11833 	8974 	9680 	87183 	102097 	87239 	96106 	138948 	: 	: 	177059 	: 	3421 	4319 	3111 	203.600 	181.200 	201 	215 	229.500 	295.700 	277 	231.600 	360.400 	306.600 
A,MIO_EUR,INF_MNT,TR	: 	: 	: 	9 	29 	86 	118 	161 	234 	365 	500 	639 	1126 	1544 	3558 	3479 	4258 	6312 	10820 	12111 	11102 	629.959 	558.060 	238.969 	230.012 	229.336 	: 	: 	: 	: 	: 
A,MIO_EUR,INF_MNT,UK	: 	4802 	4765 	4349 	4000 	3530 	3235 	3134 	: 	: 	: 	: 	: 	: 	: 	: 	: 	: 	: 	: 	: 	: 	: 	: 	: 	: 	: 	: 	: 	: 	: 
A,MIO_EUR,INF_MNT,XK	: 	: 	: 	: 	: 	: 	: 	: 	: 	: 	: 	: 	: 	: 	: 	: 	: 	: 	: 	: 	: 	: 	: 	: 	: 	198.418 	221.987 	170.385 	: 	: 	: 
A,MIO_EUR,VEH,AT	: 	: 	: 	: 	: 	: 	: 	: 	: 	: 	: 	: 	: 	674158 	675174 	709 	678 	530 	588 	571 	550 	537 	1158 	: 	425 e	: 	435 e	642 e	: 	: 	: 
A,MIO_EUR,VEH,BG	: 	: 	: 	: 	: 	: 	: 	: 	: 	: 	: 	: 	: 	: 	: 	: 	7035 	2794 	2769 	4317 	392 	232.744 	270.222 	361.080 	379.078 	337.253 	365.579 	352.388 	269.302 	359.035 	: 
A,MIO_EUR,VEH,CY	: 	: 	: 	: 	: 	: 	104 	114 	94 	124 	113 	128 	133 	129 	166 	254 	375 	357 	312 	226 	14 	12.500 	15.800 	14.100 	17.700 	20.200 	23.800 	30 	29 	: 	: 
A,MIO_EUR,VEH,ES	: 	: 	: 	: 	: 	: 	: 	237626 d	: 	: 	: 	: 	: 	: 	: 	: 	: 	: 	: 	: 	: 	: 	: 	: 	: 	: 	: 	: 	: 	: 	: 
A,MIO_EUR,VEH,FI	: 	: 	: 	2261 	: 	26661 	30504 	5436 d	5293 d	5434 d	5819 d	6581 d	6864 	7352 	6968 	7533 	9081 	6894 	6369 	7557 	7644 	622.630 	831.520 	823.553 	858.480 	901.240 	943.840 	: 	: 	: 	: 
A,MIO_EUR,VEH,FR	15010 d	11945 	12699 	14143 	12586 	11698 	2200 d	2306 d	2332 d	2517 	3298 p	2517 	2702 	2745 	2799 	2953 	: 	: 	: 	: 	: 	: 	: 	: 	: 	: 	: 	: 	: 	: 	: 
A,MIO_EUR,VEH,HR	: 	: 	: 	155 	217 	177 	220 	195 	110 	136 	: 	: 	: 	: 	: 	: 	: 	: 	: 	: 	: 	: 	: 	: 	: 	: 	: 	: 	: 	: 	: 
A,MIO_EUR,VEH,IS	: 	: 	: 	: 	: 	13041 	629 	11981 	13035 	9842 	4845 	8504 	: 	13053 e	: 	: 	: 	: 	: 	: 	: 	: 	: 	: 	: 	: 	: 	: 	: 	: 	: 
A,MIO_EUR,VEH,IT	: 	: 	: 	: 	: 	: 	: 	: 	: 	: 	: 	: 	: 	: 	: 	: 	: 	: 	: 	: 	: 	: 	: 	: 	: 	: 	13907 	: 	: 	: 	: 
A,MIO_EUR,VEH,LT	: 	: 	55 	: 	: 	: 	: 	: 	: 	: 	: 	: 	: 	: 	: 	: 	: 	: 	: 	: 	: 	: 	: 	: 	: 	: 	: 	: 	: 	: 	: 
A,MIO_EUR,VEH,LV	: 	: 	: 	: 	: 	: 	: 	: 	: 	: 	: 	: 	: 	848 	12577 	16603 	11946 	: 	528 	1119 	1806 	: 	: 	: 	: 	: 	: 	: 	: 	: 	: 
A,MIO_EUR,VEH,MK	: 	: 	: 	168 	125 	12 	: 	: 	: 	219 	237 	: 	: 	335 	339 	880 	: 	: 	: 	: 	: 	: 	: 	: 	: 	: 	: 	: 	: 	: 	: 
A,MIO_EUR,VEH,NO	: 	: 	: 	: 	: 	: 	3279 	1651 	: 	: 	: 	: 	: 	: 	: 	: 	: 	: 	: 	: 	: 	544.404 	510.390 	475.775 	463.587 	478.396 	475.436 	: 	: 	: 	: 
A,MIO_EUR,VEH,PL	: 	: 	: 	: 	: 	: 	: 	: 	: 	: 	: 	: 	: 	: 	1156 	1695 	1533 	799 	1072 	1629 	1587 	407.624 	476.304 	621.639 	653.649 	: 	: 	: 	: 	: 	: 
A,MIO_EUR,VEH,PT	: 	11259 	27741 	21867 	30169 d	34708 d	59877 d	41604 d	: 	: 	: 	: 	: 	: 	: 	: 	: 	: 	: 	: 	: 	: 	: 	: 	: 	: 	: 	: 	: 	: 	: 
A,MIO_EUR,VEH,RO	0 	0 	0 	310365 	132709 	: 	: 	: 	: 	: 	: 	: 	: 	: 	: 	: 	: 	: 	: 	: 	: 	: 	: 	: 	: 	: 	: 	: 	: 	: 	: 
A,MIO_EUR,VEH_INV,AT	: 	: 	: 	: 	: 	: 	: 	: 	: 	: 	: 	: 	: 	393082 	374878 	363 	: 	223 	290 	271 	254 	235 	533 	: 	264 e	: 	326 e	327 e	: 	: 	: 
A,MIO_EUR,VEH_INV,BG	1120170 	941187 	687421 	: 	: 	: 	: 	: 	: 	: 	: 	: 	: 	: 	: 	: 	: 	: 	: 	: 	: 	: 	: 	361.080 	379.078 	: 	: 	352.388 	: 	: 	: 
A,MIO_EUR,VEH_INV,CY	: 	: 	: 	: 	: 	: 	73 	61 	4 	64 	5 	62 	64 	59 	57 	129 	18 	164 	117 	52 	14 	2.400 	2.800 	2 	4 	5 	7.200 	6.900 	7.300 	: 	: 
A,MIO_EUR,VEH_INV,EE	: 	: 	: 	: 	: 	: 	: 	: 	359 	464 	454 	: 	353 d	329 d	551 d	520 d	424 d	205 e	5556 p	119 	116 d	113 	121 	107 	114 	129 e	108 	110 	78 	98 	100 
A,MIO_EUR,VEH_INV,ES	: 	: 	: 	: 	: 	: 	: 	: 	: 	: 	: 	1190 d	1307 d	2068 d	2282 d	2482 d	2866 d	1621 d	1578 d	1651 d	: 	1405.940 	1709 	: 	: 	: 	: 	: 	: 	: 	: 
A,MIO_EUR,VEH_INV,FI	: 	: 	: 	1329 d	: 	1511 d	17325 d	2921 d	2692 d	2542 d	2889 d	3408 d	3571 	3687 	303 	3154 	424 	2811 	2404 	3046 	2907 	154.330 	333.350 	332.235 	368.550 	382.290 	385.600 	: 	: 	: 	: 
A,MIO_EUR,VEH_INV,FR	9049 d	6604 	6952 	7990 	6777 	7306 	1094 d	1134 d	1162 d	1210 	1471 p	1274 	1337 	1458 	1392 	1410 	: 	: 	: 	: 	: 	: 	: 	: 	: 	: 	: 	: 	: 	: 	: 
A,MIO_EUR,VEH_INV,HR	: 	: 	: 	75 	94 	71 	95 	74 	51 	84 	: 	: 	: 	: 	: 	: 	: 	: 	: 	: 	: 	: 	: 	: 	: 	: 	: 	: 	: 	: 	: 
A,MIO_EUR,VEH_INV,HU	: 	: 	: 	16304 	16204 	19278 	28648 	29921 	28115 	60836 	68961 	64706 	: 	: 	: 	: 	: 	: 	: 	: 	: 	: 	: 	: 	: 	: 	: 	: 	: 	: 	: 
A,MIO_EUR,VEH_INV,IS	: 	: 	: 	: 	: 	10543 	372 	9746 	9909 	7918 	1392 	5671 	7633 	9783 e	: 	: 	: 	: 	: 	: 	: 	: 	: 	: 	: 	: 	: 	: 	: 	: 	: 
A,MIO_EUR,VEH_INV,IT	: 	: 	: 	: 	: 	: 	: 	: 	: 	: 	: 	: 	: 	: 	: 	: 	: 	: 	: 	: 	: 	: 	: 	: 	: 	: 	6555 	: 	: 	: 	: 
A,MIO_EUR,VEH_INV,LT	: 	: 	55 	: 	: 	: 	: 	: 	: 	717 	444 	767 d	887 d	5351 	73465 	14886 	839 	2282 	3455 	732 	6078 	792.100 	157.600 	231.500 	343.500 	337.300 	403.500 	372.500 	194.800 	442.400 	608 
A,MIO_EUR,VEH_INV,LV	: 	: 	: 	: 	: 	: 	: 	: 	: 	: 	1799 	1494 	: 	848 	12577 	16603 	11946 	338 	528 	1119 	1806 	145.770 	126.570 	179.200 	192.600 	187.800 	189.020 	153.300 	110.600 	172.700 	: 
A,MIO_EUR,VEH_INV,MK	: 	: 	: 	168 	125 	12 	: 	: 	: 	196 	170 	: 	: 	301 	326 	846 	: 	: 	: 	: 	: 	: 	: 	: 	: 	: 	: 	: 	: 	: 	: 
A,MIO_EUR,VEH_INV,NL	: 	: 	: 	: 	: 	: 	: 	: 	: 	: 	: 	: 	: 	: 	: 	: 	: 	: 	: 	: 	: 	: 	: 	: 	: 	: 	: 	: 	: 	: 	13598 
A,MIO_EUR,VEH_INV,NO	: 	: 	: 	: 	: 	: 	3115 	1624 	: 	: 	: 	: 	: 	: 	: 	: 	: 	: 	: 	: 	: 	182.279 	172.245 	141.571 	133.468 	138.951 	135.973 	: 	: 	: 	: 
A,MIO_EUR,VEH_INV,PL	1285148 	175946 	: 	142 	1558 	2314 	2674 	2474 	4412 	4232 	4296 	4461 d	785 	733 	1156 	1695 	1533 	799 	1072 	1629 	1587 	407.624 	476.304 	621.639 	653.649 	: 	: 	: 	: 	: 	: 
A,MIO_EUR,VEH_INV,RO	0 	0 	0 	: 	: 	: 	: 	: 	: 	: 	: 	: 	: 	: 	: 	: 	: 	: 	: 	: 	: 	: 	: 	: 	: 	: 	: 	: 	: 	: 	: 
A,MIO_EUR,VEH_INV,SE	2849 d	2590 d	2848 d	5261 d	5869 d	8020 d	9587 d	: 	: 	: 	: 	: 	: 	707 	354 	628 	142 	19 	78 	: 	: 	: 	: 	: 	: 	: 	: 	: 	: 	: 	: 
A,MIO_EUR,VEH_INV,SI	: 	: 	: 	: 	1844 	1305 	2982 	3165 	2707 	35649 	4148 	5709 d	: 	: 	: 	: 	: 	: 	: 	: 	: 	: 	: 	: 	: 	: 	: 	: 	: 	: 	: 
A,MIO_EUR,VEH_INV,UK	: 	23474 	26070 	32500 	35400 	41200 	41600 	41300 	: 	: 	: 	: 	: 	: 	: 	: 	: 	: 	: 	: 	: 	: 	: 	: 	: 	: 	: 	: 	: 	: 	: 
A,MIO_EUR,VEH_MNT,AT	: 	: 	: 	: 	: 	: 	: 	: 	: 	: 	: 	: 	: 	281076 d	300296 d	346 	: 	307 	298 	300 	296 	302 	625 	: 	281 e	: 	284 e	315 e	: 	: 	: 
A,MIO_EUR,VEH_MNT,CY	: 	: 	: 	: 	: 	: 	31 	53 	54 	6 	63 	66 	69 	7 	109 	125 	195 	193 	195 	174 	126 	10.100 	13 	12.100 	13.700 	15.200 	16.600 	23.100 	21.700 	: 	: 
A,MIO_EUR,VEH_MNT,FI	: 	: 	: 	932 	: 	11551 	13179 	2515 d	260 d	2891 d	293 d	3173 d	3293 	3666 	3939 	4379 	4811 	4083 	3965 	4512 	4737 	468.300 	498.160 	491.318 	489.930 	518.950 	558.240 	: 	: 	: 	: 
A,MIO_EUR,VEH_MNT,FR	5961 d	5341 	5747 	6153 	5809 	4392 	1106 d	1172 d	1171 d	1307 	1827 p	1243 	1365 	1287 	1407 	1543 	: 	: 	: 	: 	: 	: 	: 	: 	: 	: 	: 	: 	: 	: 	: 
A,MIO_EUR,VEH_MNT,HR	: 	: 	: 	80 	123 	106 	125 	121 	59 	52 	: 	: 	: 	: 	: 	: 	: 	: 	: 	: 	: 	: 	: 	: 	: 	: 	: 	: 	: 	: 	: 
A,MIO_EUR,VEH_MNT,IS	: 	: 	: 	: 	: 	2498 	2571 	2235 	3126 	1924 	3453 	2833 	: 	327 e	: 	: 	: 	: 	: 	: 	: 	: 	: 	: 	: 	: 	: 	: 	: 	: 	: 
A,MIO_EUR,VEH_MNT,IT	: 	: 	: 	: 	: 	: 	: 	: 	: 	: 	: 	: 	: 	: 	: 	: 	: 	: 	: 	: 	: 	: 	: 	: 	: 	: 	7352 	: 	: 	: 	: 
A,MIO_EUR,VEH_MNT,LT	: 	: 	0 	: 	: 	: 	: 	: 	: 	: 	: 	: 	: 	: 	: 	: 	: 	: 	: 	: 	: 	: 	: 	: 	: 	: 	: 	: 	: 	: 	: 
A,MIO_EUR,VEH_MNT,MK	: 	: 	: 	0 	0 	0 	: 	: 	: 	23 	67 	: 	: 	34 	13 	34 	: 	: 	: 	: 	: 	: 	: 	: 	: 	: 	: 	: 	: 	: 	: 
A,MIO_EUR,VEH_MNT,NO	: 	: 	: 	: 	: 	: 	164 	27 	: 	: 	: 	: 	: 	: 	: 	: 	: 	: 	: 	: 	: 	362.125 	338.145 	334.205 	330.119 	339.552 	339.463 	: 	: 	: 	: 
A,MIO_EUR,VEH_MNT,RO	0 	0 	0 	: 	: 	: 	: 	: 	: 	: 	: 	: 	: 	: 	: 	: 	: 	: 	: 	: 	: 	: 	: 	: 	: 	: 	: 	: 	: 	: 	: 
A,MIO_EUR,VEH_MNT,SE	3130 d	3177 d	2195 	2387 	2573 	: 	: 	: 	: 	: 	: 	: 	: 	: 	: 	: 	: 	: 	: 	: 	: 	: 	: 	: 	: 	: 	: 	: 	: 	: 	: 
